{"sdr_1": [1.831310749053955, -2.994856834411621, -0.13074058294296265, 0.7766748666763306, -5.710568428039551, -0.0011950606713071465, 0.39578211307525635, -4.245656967163086, -0.4939796030521393, 1.5343706607818604, -3.9217445850372314, -0.00011208769137738273, 0.7444214224815369, -0.1503615528345108, -0.000512054655700922, 0.9384817481040955, -2.1650023460388184, -0.1672639548778534, 1.1887364387512207, -5.746433258056641, 0.0005715246079489589, 2.414154052734375, -5.0328369140625, -0.02279016189277172, 1.970974087715149, -3.472268581390381, 0.025847725570201874, 1.6763944625854492, -3.0722758769989014, -0.00040254544001072645, 1.7175564765930176, -1.707251787185669, -0.06868062913417816, 1.2067022323608398, -5.938384056091309, -0.001080614747479558, 1.5714603662490845, -4.200458526611328, -0.05246734246611595, 1.358058214187622, -6.562719821929932, 1.915557550091762e-05, 2.4088141918182373, -2.948148250579834, 0.0004902525688521564, 1.0160634517669678, -3.1013379096984863, 0.00027438258985057473, 2.629240036010742, -0.38269874453544617, -0.0004913434968329966], "sdr_2": [-3.140319347381592, 0.6861162781715393, -14.092161178588867, -4.259670257568359, 0.08926204591989517, -45.277313232421875, -6.446901321411133, 0.770622968673706, -9.153176307678223, -3.6078598499298096, 0.41035133600234985, -46.250762939453125, -3.2435994148254395, 2.011281967163086, -45.190711975097656, -3.218132972717285, 1.0344120264053345, -13.836888313293457, -5.1941962242126465, 0.277008593082428, -45.316219329833984, -3.1263933181762695, 0.9011417627334595, -19.72168731689453, -2.8284642696380615, 0.7564729452133179, -23.80141830444336, -3.407092332839966, 0.9474432468414307, -44.26342010498047, -2.0372798442840576, 1.1852858066558838, -23.80814552307129, -3.6074516773223877, 0.15264151990413666, -46.42278289794922, -3.5912461280822754, 0.326471209526062, -21.316059112548828, -3.4409356117248535, -0.5395351648330688, -46.984092712402344, -2.841703414916992, 0.648483157157898, -45.85814666748047, -4.144574165344238, 0.6911563873291016, -46.00218200683594, -2.2791717052459717, 1.006771206855774, -37.360679626464844], "sdr_mean": [-0.6545042991638184, -1.1543703079223633, -7.111450672149658, -1.7414977550506592, -2.8106532096862793, -22.639253616333008, -3.025559663772583, -1.73751699924469, -4.823577880859375, -1.0367445945739746, -1.7556966543197632, -23.125436782836914, -1.249588966369629, 0.9304602146148682, -22.595611572265625, -1.1398255825042725, -0.5652951598167419, -7.002076148986816, -2.002729892730713, -2.7347123622894287, -22.65782356262207, -0.35611963272094727, -2.065847635269165, -9.872239112854004, -0.4287450909614563, -1.3578977584838867, -11.887784957885742, -0.8653489351272583, -1.0624163150787354, -22.131912231445312, -0.15986168384552002, -0.2609829902648926, -11.9384126663208, -1.200374722480774, -2.892871379852295, -23.211931228637695, -1.0098929405212402, -1.9369935989379883, -10.684263229370117, -1.0414386987686157, -3.5511274337768555, -23.492036819458008, -0.21644461154937744, -1.1498324871063232, -22.9288272857666, -1.5642553567886353, -1.2050907611846924, -23.000953674316406, 0.17503416538238525, 0.3120362162590027, -18.680585861206055]}